anchor_id,env_name,pos_x,pos_y,pos_z,q_w,q_x,q_y,q_z,vel_x,vel_y,vel_z,ang_vel_x,ang_vel_y,ang_vel_z,has_collided
0,CityEnviron,-20.459383010864258,-20.644405364990234,-10.143636703491211,-0.3225105106830597,-0.002131548710167408,0.005975980777293444,0.9465446472167969,0.18833212554454803,-0.23454324901103973,-0.30914944410324097,-0.39217549562454224,-0.02174585685133934,-6.60195728414692e-05,False
1,CityEnviron,-21.166757583618164,-20.977550506591797,-10.4169340133667,-0.31081444025039673,0.009622851386666298,-0.06079573556780815,0.9484754204750061,-1.5203050374984741,0.2104651927947998,-0.1240103617310524,1.8416523933410645,0.9739411473274231,-0.005560481455177069,False
2,CityEnviron,-21.507368087768555,-19.719694137573242,-11.376626014709473,-0.3007948696613312,0.08972280472517014,0.0589604414999485,0.9476264119148254,-0.33413153886795044,0.7783337235450745,-0.2903825044631958,0.22593367099761963,0.9679224491119385,-0.00258897733874619,False
3,CityEnviron,-22.1522159576416,-18.559839248657227,-12.185566902160645,-0.2747972905635834,-0.07574107497930527,0.11083142459392548,0.9520851373672485,0.5665479898452759,0.43754929304122925,-1.3577032089233398,-1.027970790863037,-1.0068153142929077,-0.013570894487202168,False
4,CityEnviron,-21.791088104248047,-19.008445739746094,-12.318241119384766,-0.23006899654865265,0.056205812841653824,-0.07906799018383026,0.9683271646499634,-0.9201647639274597,-0.30982285737991333,0.06104622781276703,0.92418372631073,1.0635743141174316,-0.014515601098537445,False
5,CityEnviron,-22.6376895904541,-19.886816024780273,-13.57411003112793,-0.21128694713115692,0.018547149375081062,-0.06892964243888855,0.9748141169548035,-1.152327060699463,-0.47614675760269165,-0.9506008625030518,0.9235392808914185,1.020904302597046,-0.011549323797225952,False
6,CityEnviron,-23.105375289916992,-20.089563369750977,-14.244226455688477,-0.20202021300792694,0.024384915828704834,-0.026116756722331047,0.9787293672561646,-0.45543909072875977,0.366626501083374,-0.3580433130264282,0.808785617351532,0.5317758917808533,-0.010332442820072174,False
7,CityEnviron,-23.257686614990234,-20.089813232421875,-13.562274932861328,-0.20777876675128937,-0.02474922128021717,0.0024468747433274984,0.9778596758842468,0.8938241004943848,-0.37669795751571655,0.17967797815799713,-0.6235204935073853,-0.961218535900116,-0.012197662144899368,False
8,CityEnviron,-21.82870864868164,-20.66050148010254,-13.505764961242676,-0.20374539494514465,0.02698795311152935,-0.006798707414418459,0.9786282777786255,1.424482822418213,-0.7159555554389954,-0.37827640771865845,-1.0395375490188599,-0.5866970419883728,-0.005245677195489407,False
9,CityEnviron,-19.71703338623047,-20.678728103637695,-14.200821876525879,-0.20780062675476074,0.09818194061517715,0.018722452223300934,0.9730512499809265,1.6730153560638428,0.7773464322090149,-0.08616935461759567,0.2823995053768158,-0.5935800075531006,0.011158032342791557,False
10,CityEnviron,-19.98099136352539,-20.211912155151367,-15.509028434753418,-0.21573302149772644,0.04744002968072891,0.060316845774650574,0.9734324216842651,-1.3916990756988525,-0.23534899950027466,-0.8953457474708557,-0.440695583820343,2.499072790145874,0.0010598087683320045,False
11,CityEnviron,-20.70792007446289,-20.995006561279297,-16.806697845458984,-0.24765899777412415,-0.07817073911428452,-0.07157406955957413,0.9630324840545654,0.7452952265739441,0.22218579053878784,-1.6371532678604126,0.44645267724990845,-1.4920551776885986,0.012483537197113037,False
12,CityEnviron,-19.963211059570312,-19.8763427734375,-17.814781188964844,-0.2413703352212906,-0.04325367882847786,0.034777138382196426,0.9688447117805481,1.1451094150543213,1.3025832176208496,-0.5086202621459961,-0.007299328688532114,-1.7087444067001343,-0.003460013074800372,False
13,CityEnviron,-19.788509368896484,-19.764545440673828,-18.818470001220703,-0.22462454438209534,0.02980305440723896,-0.010215328074991703,0.9739359617233276,-0.8298129439353943,-0.5905154943466187,-0.7460797429084778,0.046722427010536194,1.329425573348999,0.0007458631880581379,False
14,CityEnviron,-21.448528289794922,-20.397607803344727,-18.676441192626953,-0.22221609950065613,-0.012343201786279678,-0.01956779509782791,0.9747229218482971,-2.0751688480377197,-0.3428421914577484,-0.31187906861305237,0.463408887386322,1.4213069677352905,-0.006685322616249323,False
15,CityEnviron,-21.687475204467773,-20.886690139770508,-20.096067428588867,-0.24774380028247833,-0.03362196683883667,-0.10540307313203812,0.9624878168106079,0.967811107635498,0.5941108465194702,-1.1593130826950073,0.9378026723861694,-1.6098536252975464,0.010836218483746052,False
16,CityEnviron,-20.369720458984375,-20.144975662231445,-20.674545288085938,-0.23503924906253815,0.11752224713563919,0.07734951376914978,0.9617495536804199,0.30115577578544617,-0.7357620000839233,-1.4957479238510132,-1.0538324117660522,1.6003364324569702,0.016508813947439194,False
17,CityEnviron,-19.86892318725586,-21.559112548828125,-21.256675720214844,-0.22884340584278107,0.06699081510305405,-0.004183612763881683,0.9711464643478394,-0.05187469348311424,-1.746644139289856,0.29163485765457153,-0.7272728085517883,1.3741424083709717,0.01067903358489275,False
18,CityEnviron,-19.825796127319336,-23.223907470703125,-22.011598587036133,-0.2285582721233368,0.01599784754216671,-0.10738159716129303,0.9674577116966248,-0.6235600113868713,0.45278283953666687,-1.9494813680648804,1.8032209873199463,0.2539643943309784,-0.006469627842307091,False
19,CityEnviron,-19.53702735900879,-22.478158950805664,-23.266775131225586,-0.20077745616436005,0.019881753250956535,0.06512222439050674,0.9772677421569824,0.8505794405937195,0.0814310684800148,-0.4977591633796692,-0.9540555477142334,-0.3049667775630951,0.0003525676147546619,False
20,CityEnviron,-19.65092658996582,-22.45600700378418,-23.83045768737793,-0.2196447253227234,0.04042845591902733,0.0647643581032753,0.9725879430770874,-1.0892640352249146,-0.8700128793716431,0.048528335988521576,-0.9145807027816772,1.5838124752044678,0.019257012754678726,False
21,CityEnviron,-20.827707290649414,-22.466781616210938,-24.201387405395508,-0.20947742462158203,-0.08979097753763199,-0.03655557706952095,0.9729956388473511,-0.3652941882610321,1.0384299755096436,0.24548247456550598,1.5406217575073242,-1.8370150327682495,0.005834387149661779,False
22,CityEnviron,-21.10073471069336,-21.093236923217773,-24.699045181274414,-0.22119532525539398,0.03640551120042801,0.08979093283414841,0.9704045057296753,-0.5535308718681335,0.20925283432006836,-0.16305652260780334,-0.5550435781478882,0.8574373126029968,0.010655256919562817,False
23,CityEnviron,-20.43587303161621,-20.40919303894043,-25.37620735168457,-0.2300390899181366,0.023019084706902504,0.039226945489645004,0.9721180200576782,1.1529557704925537,0.5774573683738708,0.016785401850938797,-0.4921499192714691,-0.8090997934341431,0.001000617048703134,False
24,CityEnviron,-20.926725387573242,-20.275983810424805,-25.835952758789062,-0.22350087761878967,0.02418784610927105,0.008405333384871483,0.9743673205375671,-1.5228536128997803,-0.19403386116027832,0.5087711215019226,0.27060025930404663,1.5882740020751953,-0.004566594958305359,False
25,CityEnviron,-21.972320556640625,-19.621973037719727,-26.556884765625,-0.20993922650814056,-0.04808564484119415,0.06012031435966492,0.9746788144111633,0.1000438779592514,0.6089725494384766,-0.3796594738960266,-0.35517218708992004,-0.567507803440094,-0.0026909199077636003,False
26,CityEnviron,-20.62662124633789,-19.72040557861328,-26.701292037963867,-0.21108478307724,-0.0033021066337823868,0.013214267790317535,0.9773728847503662,2.0997653007507324,-0.6770159602165222,-0.045637115836143494,-1.0702861547470093,-1.387353777885437,-0.012670096941292286,False
27,CityEnviron,-18.74303436279297,-21.09144401550293,-26.83338165283203,-0.20947596430778503,0.030873870477080345,-0.07636217027902603,0.9743384718894958,0.9961333870887756,-0.81089848279953,-0.11930127441883087,0.13244256377220154,-0.2802191376686096,0.002024637535214424,False
28,CityEnviron,-18.877822875976562,-21.682764053344727,-26.651769638061523,-0.20031261444091797,-0.019934488460421562,-0.09848145395517349,0.9745659828186035,-0.8844137787818909,0.6010223627090454,0.250517874956131,2.4047374725341797,-0.07573787868022919,0.005737788043916225,False
29,CityEnviron,-18.855003356933594,-21.058401107788086,-26.71002769470215,-0.1977640986442566,-0.014624218456447124,-0.025084124878048897,0.9798195362091064,0.7798126339912415,0.6645957231521606,-0.8469905853271484,0.8038252592086792,-1.4361796379089355,0.0008570316713303328,False
30,CityEnviron,-19.23072052001953,-19.966279983520508,-27.468833923339844,-0.1897670179605484,0.018545662984251976,-0.015550084412097931,0.9815308451652527,-1.2050154209136963,1.314530372619629,0.369185209274292,1.1964173316955566,0.7289403676986694,-0.009335868991911411,False
31,CityEnviron,-19.121307373046875,-17.87748908996582,-28.228845596313477,-0.1833844631910324,-0.042685870081186295,0.04195820167660713,0.9812173843383789,1.3539029359817505,2.006242036819458,-0.0049228304997086525,0.39343953132629395,-2.038688898086548,0.006925531663000584,False
32,CityEnviron,-17.98782730102539,-16.544145584106445,-28.65891456604004,-0.15991230309009552,0.08733373135328293,-0.04299383983016014,0.9823199510574341,-0.24935603141784668,1.2105201482772827,0.1845780611038208,1.2346293926239014,0.8722065687179565,-0.016105184331536293,False
33,CityEnviron,-18.33319664001465,-15.730305671691895,-28.473581314086914,-0.1611047238111496,-0.026806481182575226,0.10251253098249435,0.9812328219413757,0.2561468482017517,-0.768971860408783,-1.1828384399414062,-2.8167529106140137,-0.15413141250610352,-0.0016077765030786395,False
34,CityEnviron,-18.304445266723633,-16.035863876342773,-30.365068435668945,-0.1374354362487793,-0.05343843251466751,0.08622883260250092,0.985302209854126,0.7806119918823242,-0.9032182693481445,-1.708375096321106,-1.9895477294921875,-0.8238002061843872,-0.019606266170740128,False
35,CityEnviron,-18.547224044799805,-15.649870872497559,-31.84891700744629,-0.08206688612699509,-0.08988912403583527,-0.0036298951599746943,0.9925582408905029,-0.04730244725942612,1.3332961797714233,-0.6139812469482422,0.9930832386016846,-1.4134101867675781,-0.000187960104085505,False
36,CityEnviron,-18.696056365966797,-14.56734561920166,-32.28922653198242,-0.07558318227529526,-0.052887797355651855,-0.041442472487688065,0.9948731660842896,0.31185197830200195,1.4071896076202393,-0.19947519898414612,1.176800012588501,-0.9592204689979553,0.020088976249098778,False
37,CityEnviron,-17.830001831054688,-13.804418563842773,-32.90450668334961,-0.05280396714806557,0.08923204243183136,0.029854178428649902,0.9941620826721191,-0.093989297747612,-0.43523162603378296,-1.0857281684875488,-0.7724342942237854,1.161157250404358,0.007707849144935608,False
38,CityEnviron,-18.95734405517578,-14.45131778717041,-32.95949172973633,-0.04540841653943062,0.030758200213313103,-0.042221520096063614,0.9976018667221069,-1.8413689136505127,-0.2883412837982178,0.3540213108062744,0.7141751050949097,2.607724905014038,-0.0027678196784108877,False
39,CityEnviron,-19.556772232055664,-14.210996627807617,-33.578453063964844,-0.036887697875499725,-0.0393657423555851,0.0002505095035303384,0.9985437393188477,0.9131885766983032,0.5671201944351196,-0.9573988318443298,0.31986552476882935,-1.022185206413269,0.004077130928635597,False
40,CityEnviron,-18.990652084350586,-14.230960845947266,-34.44713592529297,-0.015437169000506401,0.0692136362195015,-0.09439855813980103,0.9930055737495422,-0.34766870737075806,0.43775343894958496,0.01101571787148714,2.287606716156006,1.5555216073989868,-0.00992280337959528,False
41,CityEnviron,-20.116851806640625,-14.288564682006836,-34.38010787963867,-0.025189481675624847,-0.029955556616187096,-0.04419010877609253,0.9982562065124512,-1.1065548658370972,0.0011729635298252106,0.16216441988945007,0.9431753158569336,0.6828516721725464,0.0019564570393413305,False
42,CityEnviron,-22.09349822998047,-13.780875205993652,-34.81772232055664,-0.05444303900003433,-0.0470980741083622,0.05684804916381836,0.9957841634750366,-2.2595255374908447,-0.2698151469230652,-1.1039788722991943,-0.7169299125671387,1.5854923725128174,0.014867077581584454,False
43,CityEnviron,-23.9970703125,-14.257539749145508,-34.905555725097656,-0.06044640392065048,-0.004189031198620796,0.03911719471216202,0.997395932674408,-1.3529294729232788,-0.6814948916435242,1.0751570463180542,-0.8114656805992126,0.7209659814834595,0.0007498655468225479,False
44,CityEnviron,-25.292476654052734,-15.853409767150879,-34.8795280456543,-0.0728328749537468,-0.06875703483819962,-0.020321834832429886,0.9947637319564819,-0.35635271668434143,-1.6929787397384644,0.1323632150888443,-0.7998208999633789,-0.41625306010246277,-0.0032575202640146017,False
45,CityEnviron,-24.59674835205078,-17.27338409423828,-36.29868698120117,-0.07631246000528336,0.05054346099495888,-0.11564945429563522,0.9890636801719666,0.4820678234100342,0.33862829208374023,-1.6342414617538452,1.6064260005950928,-0.0020621665753424168,-0.006387987639755011,False
46,CityEnviron,-24.202333450317383,-17.76376724243164,-37.497283935546875,-0.06881621479988098,0.03580307960510254,-0.0161094032227993,0.9968565702438354,-0.14289018511772156,-1.0457744598388672,-0.3929767310619354,-0.7931286096572876,0.69902503490448,0.0033733309246599674,False
47,CityEnviron,-24.006378173828125,-18.52110481262207,-37.91675567626953,-0.07210885733366013,-0.07027475535869598,-0.07496697455644608,0.9920896291732788,1.021816611289978,0.27419614791870117,-0.36342212557792664,1.3569427728652954,-2.417715311050415,0.009418636560440063,False
48,CityEnviron,-23.481048583984375,-18.807889938354492,-38.5161247253418,-0.0677296370267868,0.010111989453434944,-0.08580972999334335,0.9939553141593933,-0.17045630514621735,0.3366805911064148,-0.7534799575805664,1.1898350715637207,0.13791070878505707,0.0018294637557119131,False
49,CityEnviron,-23.98862075805664,-18.213703155517578,-38.53141403198242,-0.06444085389375687,0.053150735795497894,-0.012961436063051224,0.9964208006858826,-1.4164435863494873,0.7921387553215027,-0.4888354241847992,0.7006878852844238,1.5463013648986816,-0.01433442160487175,False
50,CityEnviron,-25.515932083129883,-17.602920532226562,-39.007999420166016,-0.06289007514715195,-0.008373661898076534,0.08649912476539612,0.9942296743392944,-1.2160723209381104,-0.47457098960876465,-0.29195138812065125,-1.541137933731079,1.2500929832458496,0.008293185383081436,False
51,CityEnviron,-25.84644889831543,-17.36762237548828,-39.54788589477539,-0.07337869703769684,0.008160577155649662,0.05682028457522392,0.9956507682800293,0.12961864471435547,0.01481746044009924,0.1656721532344818,-0.7304348945617676,0.044933319091796875,0.004487095400691032,False
52,CityEnviron,-25.373180389404297,-16.78392219543457,-40.196128845214844,-0.09431184083223343,0.07790075242519379,-0.02012721262872219,0.9922860860824585,-0.18002451956272125,1.1602123975753784,-0.5024697184562683,1.2360891103744507,1.0381306409835815,-0.008056995458900928,False
53,CityEnviron,-25.359434127807617,-16.784610748291016,-40.01699447631836,-0.09719528257846832,0.013017321936786175,-0.02742256037890911,0.9948023557662964,-0.025934375822544098,-0.39787158370018005,0.2932102680206299,0.0714184120297432,0.2128782421350479,-0.0018203933723270893,False
54,CityEnviron,-25.357421875,-17.328290939331055,-40.433807373046875,-0.08359845727682114,0.03527030721306801,-0.07953102141618729,0.9926944375038147,-0.6751712560653687,0.5452199578285217,-0.42777329683303833,1.8511910438537598,0.8860635161399841,-0.019411448389291763,False
55,CityEnviron,-26.612865447998047,-16.68444061279297,-40.06647491455078,-0.08308254927396774,-0.01734578050673008,0.022446023300290108,0.996138870716095,-1.3628336191177368,0.27824831008911133,0.12432941794395447,0.11019247025251389,0.8848190307617188,-0.0010765850311145186,False
56,CityEnviron,-28.458852767944336,-16.90715789794922,-39.89452362060547,-0.08616136014461517,-0.04881061613559723,0.02150660753250122,0.9948523640632629,-1.5172032117843628,-0.7610286474227905,-0.14112085103988647,-0.6562759280204773,0.7919433116912842,0.0030661183409392834,False
57,CityEnviron,-30.125185012817383,-17.55811882019043,-40.25051498413086,-0.09279535710811615,-0.0743689313530922,0.08427581191062927,0.9893209338188171,-0.9320685863494873,-1.0848418474197388,0.3464432954788208,-2.852382183074951,-0.004107821732759476,-0.004820262081921101,False
58,CityEnviron,-30.055416107177734,-18.575597763061523,-40.10289764404297,-0.11448413133621216,-0.06910034269094467,-0.10493168234825134,0.9854480624198914,1.2576934099197388,0.48196840286254883,-0.44924354553222656,1.7958307266235352,-2.6874594688415527,0.013802338391542435,False
59,CityEnviron,-28.642210006713867,-17.39140510559082,-40.35569381713867,-0.12225803732872009,0.02561844512820244,0.06529201567173004,0.9900169968605042,1.1504288911819458,0.6359656453132629,-0.9721699953079224,-0.3136652112007141,-0.49968230724334717,-0.0014779941411688924,False
60,CityEnviron,-27.601181030273438,-16.696548461914062,-40.17129135131836,-0.12016430497169495,0.03902478143572807,-0.0002002779656322673,0.9919866919517517,0.3404339551925659,0.7086384892463684,0.05667819827795029,0.5754672884941101,0.09895355999469757,-0.0008165350300259888,False
61,CityEnviron,-26.604270935058594,-15.707619667053223,-40.47523880004883,-0.11569821089506149,0.055545125156641006,0.07226693630218506,0.9890936017036438,0.9286556839942932,0.1501077264547348,-1.292221188545227,-0.7941776514053345,-0.060916975140571594,0.00572838494554162,False
62,CityEnviron,-25.733936309814453,-16.07217788696289,-40.829383850097656,-0.105974942445755,0.13778631389141083,0.061141882091760635,0.9828763604164124,-0.4857194721698761,-1.4048832654953003,-0.5278829336166382,-2.148266315460205,3.0033841133117676,0.015800748020410538,False
63,CityEnviron,-25.23236846923828,-16.987215042114258,-40.7593994140625,-0.11279395967721939,-0.002692493610084057,-0.039411336183547974,0.9928328394889832,1.2100496292114258,0.035366225987672806,0.3279600739479065,0.29069647192955017,-1.0693237781524658,0.0031411286909133196,False
64,CityEnviron,-24.25932502746582,-16.92844009399414,-40.614505767822266,-0.11245837062597275,0.03290222957730293,-0.0318446010351181,0.9926008582115173,0.18837755918502808,0.4939139783382416,0.09400305151939392,1.0771598815917969,0.15119647979736328,-0.0019271818455308676,False
65,CityEnviron,-23.509580612182617,-17.08368682861328,-40.89096450805664,-0.13460463285446167,-0.04038357734680176,-0.027406442910432816,0.989696741104126,1.5923484563827515,-0.248124897480011,-0.07561133056879044,-0.15022455155849457,-1.4662575721740723,-0.0013882667990401387,False
66,CityEnviron,-21.958572387695312,-17.817121505737305,-40.286216735839844,-0.1358804702758789,0.05469801649451256,0.030214764177799225,0.9887526035308838,0.7187166213989258,-1.528565526008606,0.413070410490036,-1.5322489738464355,0.5969463586807251,0.00774464663118124,False
67,CityEnviron,-20.54328155517578,-18.638946533203125,-40.51692581176758,-0.15804146230220795,0.05257285013794899,-0.05846601352095604,0.9842970967292786,1.1012535095214844,0.9050707817077637,0.08653558790683746,1.2777634859085083,-0.6174377202987671,0.010493339039385319,False
68,CityEnviron,-18.75762939453125,-18.99169158935547,-40.682716369628906,-0.15116600692272186,0.055548861622810364,0.018927855417132378,0.9867649078369141,1.5362080335617065,-1.5976688861846924,0.15179547667503357,-1.4802685976028442,-0.06777957826852798,-0.001822754042223096,False
69,CityEnviron,-18.923851013183594,-19.68149757385254,-40.81605911254883,-0.11939017474651337,-0.042297329753637314,-0.027579613029956818,0.99156254529953,-0.5765653252601624,0.22780881822109222,0.7896945476531982,0.46590614318847656,-0.21909208595752716,-0.002047624671831727,False
70,CityEnviron,-19.40837860107422,-18.943822860717773,-40.249393463134766,-0.1105903759598732,-0.1094452366232872,-0.012809055857360363,0.9877385497093201,0.3820037245750427,1.0543677806854248,0.5665563344955444,0.7027462124824524,-1.6459556818008423,-0.0008635726990178227,False
71,CityEnviron,-18.44875717163086,-18.9669189453125,-39.94837951660156,-0.08995575457811356,0.0437268428504467,0.01353491097688675,0.9948933124542236,0.48806384205818176,-1.0902955532073975,0.36837828159332275,-1.0425552129745483,0.3203743100166321,0.0039524417370557785,False
72,CityEnviron,-18.14058494567871,-20.1507568359375,-40.26458740234375,-0.08336839079856873,0.07664931565523148,-0.06171366199851036,0.9916481375694275,-0.6202895641326904,-0.5150758028030396,0.11260034888982773,0.4746284484863281,1.5979105234146118,-0.01033690944314003,False
73,CityEnviron,-18.1724910736084,-20.9780330657959,-39.480106353759766,-0.06984228640794754,0.013101075775921345,-0.027869995683431625,0.9970825910568237,0.2578801214694977,-0.7315096855163574,0.2824481427669525,-0.2535715103149414,-0.00556918466463685,-0.0012640776112675667,False
74,CityEnviron,-18.287429809570312,-22.41411590576172,-39.43609619140625,-0.058321427553892136,0.037241119891405106,-0.023040829226374626,0.9973368644714355,-0.9390360116958618,-1.7491084337234497,-0.39706864953041077,-0.9215197563171387,1.1845057010650635,0.011371638625860214,False
75,CityEnviron,-18.9061336517334,-23.128414154052734,-39.430118560791016,-0.04941296577453613,-0.03781120479106903,-0.024629605934023857,0.9977585673332214,0.16428422927856445,0.4258071482181549,0.08303817361593246,0.4160904884338379,-0.5445511937141418,0.003938114270567894,False
76,CityEnviron,-18.360172271728516,-22.004053115844727,-39.234867095947266,-0.04407627508044243,-0.0008222394390031695,0.058572061359882355,0.9973093867301941,0.813894510269165,0.6924018859863281,0.06357259303331375,-0.22583602368831635,-0.574083149433136,-0.0019314226228743792,False
77,CityEnviron,-17.591167449951172,-20.971200942993164,-39.624996185302734,-0.029209448024630547,-0.019028132781386375,0.07738121598958969,0.996392011642456,0.9747447371482849,0.32180798053741455,0.2752852439880371,-0.7042406797409058,-0.9470711350440979,-0.01098485104739666,False
78,CityEnviron,-17.818458557128906,-19.966882705688477,-40.82258224487305,-0.00403208052739501,-0.12053593248128891,0.09801432490348816,0.9878501892089844,0.02397206611931324,0.5787512063980103,-0.7026271224021912,-1.186466932296753,-2.1148681640625,-0.017230810597538948,False
79,CityEnviron,-18.51413345336914,-19.515583038330078,-40.62261199951172,0.02182244136929512,-0.03273293748497963,-0.00909124594181776,0.9991845488548279,-0.8976113796234131,0.5896668434143066,0.07392393797636032,0.7434173226356506,0.35738852620124817,-0.0012890680227428675,False
80,CityEnviron,-19.23653221130371,-18.849956512451172,-40.13712692260742,0.020424768328666687,0.03364584594964981,0.06266319751739502,0.9972583055496216,-0.8724637627601624,0.021273963153362274,0.6674520969390869,-1.229126214981079,1.5029500722885132,0.005462758708745241,False
81,CityEnviron,-20.44230079650879,-19.705820083618164,-40.37767791748047,0.0020680620800703764,-0.10549771785736084,-0.01587054319679737,0.9942907094955444,0.0003920728340744972,-1.1784175634384155,-1.1821770668029785,-0.5871198177337646,-1.216645359992981,-0.003331386251375079,False
82,CityEnviron,-19.476377487182617,-20.040834426879883,-40.51283645629883,0.007905622944235802,-0.0016794174443930387,0.09758360683917999,0.9951945543289185,1.3829748630523682,-0.63949054479599,0.16126148402690887,-2.552145004272461,-1.5624536275863647,-0.003070712788030505,False
83,CityEnviron,-18.836090087890625,-20.499561309814453,-40.276336669921875,0.003866092301905155,0.07125498354434967,0.013848674483597279,0.9973545670509338,-0.8358696103096008,-0.3178808391094208,0.3122136890888214,-0.2947162091732025,1.4095417261123657,0.007821675390005112,False
84,CityEnviron,-19.389123916625977,-20.617752075195312,-40.23537063598633,-0.00443075830116868,0.011120377108454704,-0.025734994560480118,0.9995971918106079,-0.45520472526550293,0.6216087341308594,0.1377333402633667,0.9596812129020691,0.603835940361023,-0.009472455829381943,False
85,CityEnviron,-19.454540252685547,-19.2108097076416,-40.16496658325195,-0.019516699016094208,0.038599930703639984,0.04433338716626167,0.9980800151824951,-0.45675382018089294,1.3424047231674194,0.02654077298939228,0.700215220451355,0.9840273261070251,-0.005376384127885103,False
86,CityEnviron,-19.96738624572754,-18.067407608032227,-40.268795013427734,-0.020410416647791862,-0.04510919377207756,0.01920965686440468,0.9985888600349426,0.2038358449935913,0.7367914319038391,-0.6276817917823792,0.4025743007659912,-0.6839457154273987,0.0028294066432863474,False
87,CityEnviron,-20.628273010253906,-17.36208152770996,-39.94194793701172,-0.0011043617269024253,-0.028594572097063065,-0.024246666580438614,0.9992963671684265,-0.8871971368789673,1.0915522575378418,0.36547616124153137,1.1688400506973267,0.3271687924861908,-0.001605103723704815,False
88,CityEnviron,-21.27561378479004,-16.186363220214844,-39.431800842285156,0.003550747176632285,-0.10001501441001892,0.03722948580980301,0.9942828416824341,0.48251959681510925,0.6713031530380249,0.16964219510555267,0.07838916778564453,-2.49263858795166,-0.0018751033348962665,False
89,CityEnviron,-21.42879867553711,-15.602389335632324,-40.282684326171875,0.02837318181991577,0.017040925100445747,-0.07324010133743286,0.9967650175094604,-0.7764740586280823,1.2083197832107544,-0.5005704760551453,2.53348970413208,1.2231637239456177,-0.004861346911638975,False
90,CityEnviron,-22.494937896728516,-14.50838851928711,-39.7607421875,0.0263335220515728,-0.044075191020965576,0.05518612638115883,0.9971551895141602,-0.7116947174072266,0.22311368584632874,0.15010112524032593,-0.9039655327796936,-0.038552697747945786,-0.0012480610748752952,False
91,CityEnviron,-21.695152282714844,-15.023394584655762,-39.83306884765625,0.024517731741070747,0.006239579990506172,-0.0026871804147958755,0.9996763467788696,1.665686011314392,-0.864193320274353,0.18591028451919556,-0.5777939558029175,-1.1460236310958862,-0.00818081945180893,False
92,CityEnviron,-21.355560302734375,-14.699860572814941,-40.28902053833008,0.048669349402189255,-0.017147066071629524,-0.02002301998436451,0.9984670281410217,-0.17695382237434387,1.2056803703308105,0.2766708433628082,1.1225988864898682,0.022308092564344406,-0.0008246382931247354,False
93,CityEnviron,-20.998859405517578,-13.058660507202148,-40.498817443847656,0.0361032709479332,0.0879601538181305,0.06741555780172348,0.9931841492652893,-0.46888822317123413,0.9842503070831299,-0.4656900465488434,-0.08029384911060333,1.1877754926681519,0.00901633407920599,False
94,CityEnviron,-22.013916015625,-12.984274864196777,-39.94599151611328,0.04410634562373161,0.021729275584220886,-0.017422059550881386,0.9986385703086853,-1.607352614402771,-0.29840442538261414,0.41545718908309937,-0.11242055892944336,1.4680598974227905,-0.00042537401895970106,False
95,CityEnviron,-23.77373695373535,-12.811747550964355,-39.82691192626953,0.04083654284477234,0.01783902384340763,-0.0312901996076107,0.9985164403915405,-1.8905816078186035,0.8159220814704895,0.5596799254417419,0.8818713426589966,1.9950554370880127,-0.014605043455958366,False
96,CityEnviron,-25.920272827148438,-11.38163948059082,-39.912681579589844,0.04541604593396187,-0.03167574852705002,0.004116641823202372,0.9984573721885681,-1.7328797578811646,1.534588098526001,0.4647787809371948,1.242042064666748,1.3289024829864502,-0.00637923926115036,False
97,CityEnviron,-26.076778411865234,-11.793327331542969,-40.89271545410156,0.09644593298435211,0.059091344475746155,0.034382257610559464,0.9929875731468201,0.11762822419404984,-1.7004625797271729,0.1968163400888443,-1.552660346031189,0.3257509171962738,0.006133927498012781,False
98,CityEnviron,-25.693937301635742,-12.68890380859375,-40.928035736083984,0.0954761728644371,0.026311742141842842,-0.04318717122077942,0.9941463470458984,0.3893968462944031,0.21531571447849274,0.12904220819473267,1.0186443328857422,0.17300735414028168,8.48609852255322e-05,False
99,CityEnviron,-24.58540153503418,-13.456595420837402,-40.58790588378906,0.11481324583292007,0.06654943525791168,-0.012800957076251507,0.9910727739334106,0.7239665985107422,-1.2057300806045532,0.19650040566921234,-0.6645200848579407,0.13338133692741394,-0.0029554457869380713,False
100,CityEnviron,-23.995223999023438,-15.256775856018066,-40.198387145996094,0.10773234814405441,-0.007040682248771191,-0.027208928018808365,0.9937825798988342,0.7798890471458435,-2.035945415496826,0.11075989902019501,-1.452916145324707,-1.1373298168182373,-0.016772685572504997,False
101,CityEnviron,-23.582202911376953,-16.53319549560547,-39.95015335083008,0.10343096405267715,-0.0011623846367001534,0.03092242404818535,0.9941551685333252,0.11400719732046127,-1.1846282482147217,0.7143329381942749,-1.1386961936950684,-0.3351359963417053,-0.007375665940344334,False
102,CityEnviron,-22.590665817260742,-17.687936782836914,-40.0728759765625,0.1018286943435669,0.06302162259817123,-0.016688333824276924,0.9926635026931763,0.8180785179138184,-0.7106044888496399,-0.5059590339660645,-0.28909045457839966,0.028709063306450844,0.0015708572464063764,False
103,CityEnviron,-22.321435928344727,-17.703720092773438,-40.5572624206543,0.07508273422718048,0.07918506115674973,0.10442639887332916,0.9885279536247253,-1.1073435544967651,-0.6448761224746704,-0.42100226879119873,-1.915298342704773,1.8523852825164795,0.025161609053611755,False
104,CityEnviron,-22.38616371154785,-18.693065643310547,-40.31782531738281,0.047666244208812714,0.003180681960657239,-0.04274475947022438,0.9979432821273804,0.8051541447639465,-0.4472707211971283,0.12822657823562622,0.2540346384048462,-0.5746575593948364,0.0009255636832676828,False
105,CityEnviron,-21.579647064208984,-19.242015838623047,-39.937068939208984,0.04306760057806969,0.007302225101739168,-0.05586060881614685,0.9974825978279114,0.7025628685951233,0.09247846156358719,0.09108072519302368,0.6730124950408936,-0.3508830666542053,0.004081577528268099,False
106,CityEnviron,-21.76426124572754,-20.134958267211914,-40.026123046875,0.006287922617048025,-0.046463437378406525,-0.021038848906755447,0.9986786246299744,-0.0047894129529595375,-1.4131543636322021,0.08833911269903183,-1.1774418354034424,-0.6751142740249634,-0.004418955184519291,False
107,CityEnviron,-21.39078712463379,-21.70821762084961,-39.75843048095703,0.0021344053093343973,-0.007486292626708746,-0.04537259414792061,0.9989398121833801,0.7903038263320923,-1.0379191637039185,0.015635104849934578,-0.3776520788669586,-0.8701913952827454,-0.0025415874551981688,False
108,CityEnviron,-21.213336944580078,-21.83201026916504,-40.123172760009766,0.0066007766872644424,-0.031766608357429504,0.01691589504480362,0.9993304014205933,0.14313016831874847,0.29035794734954834,-0.6946905851364136,0.050037775188684464,-0.4870610535144806,-0.002998779295012355,False
109,CityEnviron,-21.581552505493164,-21.056175231933594,-39.924591064453125,0.0032117851078510284,0.011862468905746937,0.02048000693321228,0.999714732170105,-0.941150426864624,0.817186713218689,0.2148556113243103,0.3276263177394867,0.7976678609848022,-0.003430277341976762,False
110,CityEnviron,-23.161853790283203,-20.755815505981445,-39.92973327636719,0.021428396925330162,-0.013669272884726524,-0.05731772631406784,0.9980323910713196,-1.741857886314392,0.6573958396911621,-0.0027490155771374702,0.8788536190986633,1.1150562763214111,-0.012200245633721352,False
111,CityEnviron,-24.146808624267578,-20.170326232910156,-39.939876556396484,0.043089449405670166,-0.011526325717568398,0.06971355527639389,0.9965693950653076,-0.2845917046070099,-0.5839856266975403,0.13893935084342957,-1.5516486167907715,0.0027782258111983538,0.001948963152244687,False
112,CityEnviron,-24.683696746826172,-20.40605354309082,-39.57606887817383,0.040545713156461716,-0.016723662614822388,0.08448707312345505,0.9954588413238525,-0.5271201729774475,-0.7630382776260376,0.1463535875082016,-2.394347667694092,0.15382473170757294,-0.0022341483272612095,False
113,CityEnviron,-26.041261672973633,-21.16899871826172,-40.17451095581055,0.050502970814704895,-0.03378833830356598,-0.03936184570193291,0.9973757863044739,-1.4366540908813477,-0.10194170475006104,-0.14791162312030792,0.3361617624759674,0.6777715682983398,-0.0018618787871673703,False
114,CityEnviron,-27.385032653808594,-21.13189697265625,-39.33454895019531,0.052802231162786484,-0.035432010889053345,-0.0375223234295845,0.9972705841064453,-0.7049005627632141,0.5298394560813904,0.5906982421875,0.9524707198143005,0.18305754661560059,-0.00023030016745906323,False
115,CityEnviron,-27.482105255126953,-20.715362548828125,-39.554500579833984,0.052992239594459534,-0.04073508828878403,0.001857755589298904,0.9977620244026184,0.7657250761985779,0.14540348947048187,-0.9154362678527832,0.1854892075061798,-1.2807778120040894,0.0015421300195157528,False
116,CityEnviron,-26.610456466674805,-21.027620315551758,-39.678749084472656,0.049341414123773575,0.00875893421471119,-0.01336609199643135,0.9986541271209717,0.7024717330932617,-0.4785700738430023,0.07560988515615463,-0.23292334377765656,-0.5750548839569092,-0.0009893777314573526,False
117,CityEnviron,-26.231910705566406,-21.19406509399414,-39.11122512817383,0.05387142300605774,-0.05123604089021683,0.010337763465940952,0.9971789717674255,0.6983550190925598,-0.09636995941400528,0.3367960453033447,-0.1273174285888672,-1.5252606868743896,-0.002715338720008731,False
118,CityEnviron,-25.29433250427246,-22.000097274780273,-39.09220886230469,0.04439640790224075,-0.01596979610621929,-0.0632532611489296,0.9968816041946411,1.1390832662582397,-0.4594740867614746,0.0851113349199295,0.41151201725006104,-1.1471459865570068,0.006949328817427158,False
119,CityEnviron,-23.96155548095703,-21.24812889099121,-39.73488998413086,0.03697850555181503,0.04496647045016289,0.047032736241817474,0.9971953630447388,0.7773500680923462,0.8638038039207458,-0.4204607307910919,0.16945019364356995,-0.05217524617910385,0.0018206480890512466,False
120,CityEnviron,-24.463266372680664,-20.902528762817383,-39.34583282470703,0.03826965391635895,-0.022802332416176796,0.006599907297641039,0.9989854693412781,-0.937554657459259,-0.043578051030635834,0.7741289734840393,-0.19614051282405853,0.5425512194633484,0.002041827654466033,False
121,CityEnviron,-25.543678283691406,-21.03854751586914,-39.948577880859375,0.03863738849759102,-0.08738286048173904,-0.04346146807074547,0.9944760203361511,0.12630419433116913,0.5064254999160767,-0.1488167643547058,1.270107626914978,-1.240689754486084,0.02067854441702366,False
122,CityEnviron,-24.579736709594727,-20.037477493286133,-40.28361892700195,0.03922281041741371,0.013812059536576271,0.07155259698629379,0.9965696334838867,1.0791701078414917,0.477325439453125,-0.05694452300667763,-0.7644477486610413,-1.0110050439834595,0.0009942444739863276,False
123,CityEnviron,-22.78887367248535,-20.62862777709961,-40.0392951965332,0.028212422505021095,0.014656675048172474,-0.010348168201744556,0.9994409680366516,2.0601720809936523,-1.0838720798492432,0.290880024433136,-0.5963411927223206,-1.3853665590286255,-0.010131903924047947,False
124,CityEnviron,-21.945968627929688,-21.223783493041992,-40.188514709472656,0.025809891521930695,0.04396721348166466,-0.008878049440681934,0.9986600875854492,-0.4956333637237549,-0.13026049733161926,0.11209391057491302,-0.009277141653001308,0.9998536109924316,-0.00029681125306524336,False
125,CityEnviron,-21.555349349975586,-20.862455368041992,-40.00580978393555,0.04642460495233536,-0.01941964402794838,0.0444842092692852,0.9977418780326843,1.3136051893234253,0.006048951763659716,0.31509101390838623,-0.42352840304374695,-1.2152738571166992,-0.006321849767118692,False
126,CityEnviron,-21.03305435180664,-20.607500076293945,-39.62248992919922,0.07284358888864517,-0.016035739332437515,-0.061206646263599396,0.9953343272209167,0.13545161485671997,1.2668125629425049,0.3595353066921234,1.2286510467529297,-0.10494229197502136,0.0055880919098854065,False
127,CityEnviron,-20.32733917236328,-19.03199577331543,-39.442543029785156,0.070464588701725,0.004767668899148703,0.022727949544787407,0.9972439408302307,1.005863070487976,1.3227039575576782,0.1740317940711975,1.016063928604126,-0.6421962380409241,0.00666336202993989,False
128,CityEnviron,-19.01785659790039,-17.970874786376953,-39.579246520996094,0.06680183857679367,0.11437058448791504,0.018807122483849525,0.9910111427307129,0.24548335373401642,0.6530446410179138,-0.5869160294532776,0.30043452978134155,1.7187142372131348,-0.000720475276466459,False
129,CityEnviron,-18.976789474487305,-18.61953353881836,-40.862396240234375,0.08269918709993362,0.05735037103295326,0.002563142217695713,0.9949197173118591,-0.7956454753875732,-1.6454544067382812,-1.025026798248291,-1.8293460607528687,1.1502413749694824,0.018101096153259277,False
130,CityEnviron,-18.790611267089844,-19.65373992919922,-41.19962692260742,0.09378250688314438,0.014121378771960735,0.012671628035604954,0.9954119324684143,0.6819380521774292,-0.6857482194900513,0.1231951043009758,-0.5500656962394714,-0.5251650214195251,0.0016853458946570754,False
131,CityEnviron,-17.96233367919922,-19.431371688842773,-41.042911529541016,0.08276993781328201,0.051288679242134094,0.03585993871092796,0.9946017861366272,0.18196670711040497,0.5043192505836487,-0.00037135370075702667,-0.07043737173080444,0.44038301706314087,0.003696959000080824,False
132,CityEnviron,-18.29419708251953,-18.944372177124023,-41.133583068847656,0.07278161495923996,0.04558178409934044,0.0853896215558052,0.9926397800445557,-1.123764991760254,-0.42741820216178894,-0.2150869220495224,-1.7743314504623413,1.6518958806991577,0.013959094882011414,False
133,CityEnviron,-20.043394088745117,-19.513216018676758,-40.58806610107422,0.07028143107891083,-0.04821203649044037,-0.007863481529057026,0.9963304400444031,-1.3524868488311768,-0.4914981722831726,0.2458307445049286,-0.34401190280914307,0.36808714270591736,0.0015401894925162196,False
134,CityEnviron,-20.281753540039062,-20.428813934326172,-41.34391784667969,0.07155805826187134,0.07329122722148895,-0.09283103793859482,0.9903990030288696,-0.385455846786499,0.07676322758197784,-0.494223028421402,0.7711953520774841,1.167942762374878,-0.020897669717669487,False
135,CityEnviron,-21.485076904296875,-20.3616943359375,-40.850921630859375,0.07432210445404053,-0.037056636065244675,-0.02394641563296318,0.9962578415870667,-1.1799776554107666,0.3929350674152374,0.08637575060129166,0.661853015422821,0.6411535143852234,-0.002866731956601143,False
136,CityEnviron,-22.347225189208984,-19.000131607055664,-40.800662994384766,0.08015956729650497,-0.044353749603033066,0.021721648052334785,0.9955578446388245,-0.12680533528327942,1.5627669095993042,0.19222743809223175,0.7559779286384583,-0.3205062747001648,0.0012799507239833474,False
137,CityEnviron,-22.396203994750977,-17.19756317138672,-40.166595458984375,0.09042545408010483,-0.06332598626613617,0.06100015342235565,0.9920141100883484,0.5318562984466553,1.0810062885284424,0.31375452876091003,0.24309717118740082,-1.5826351642608643,-0.002658599754795432,False
138,CityEnviron,-22.031476974487305,-17.340700149536133,-39.899845123291016,0.11262039095163345,0.02590692788362503,-0.053510088473558426,0.9918579459190369,-0.12031272053718567,-0.09096798300743103,0.2718961238861084,0.46541061997413635,0.5172223448753357,-0.0041309501975774765,False
139,CityEnviron,-21.627521514892578,-16.97271728515625,-40.18821334838867,0.1361827254295349,-0.027204452082514763,0.07535961270332336,0.9874386787414551,0.9964513182640076,-0.48646700382232666,0.22732633352279663,-0.9707181453704834,-1.1935526132583618,-0.016919484362006187,False
140,CityEnviron,-20.98343276977539,-17.974031448364258,-40.14321517944336,0.15496328473091125,0.016447624191641808,-0.097660131752491,0.9829437136650085,0.30109575390815735,0.2902858853340149,-0.06736324727535248,1.8320780992507935,0.23295806348323822,-0.005055141169577837,False
141,CityEnviron,-21.446182250976562,-17.804859161376953,-40.174564361572266,0.1581757664680481,0.013389426283538342,-0.04390301555395126,0.9863436222076416,-0.9596959352493286,0.41291630268096924,-0.0012432234361767769,0.847058892250061,1.5206491947174072,-0.003416462568566203,False
142,CityEnviron,-23.298261642456055,-18.066186904907227,-39.82105255126953,0.14951087534427643,-0.029955731704831123,0.027321649715304375,0.9879285097122192,-1.9870153665542603,-1.1390557289123535,0.42454758286476135,-1.6146689653396606,0.9563911557197571,0.009382486343383789,False
143,CityEnviron,-24.89331817626953,-19.803028106689453,-40.21815872192383,0.13577048480510712,-0.06956174224615097,-0.09026026725769043,0.9841649532318115,-0.37880900502204895,-0.9859461784362793,0.06714975833892822,0.39198213815689087,-0.6606152057647705,0.0050097303465008736,False
144,CityEnviron,-23.923978805541992,-20.759037017822266,-40.290428161621094,0.12578898668289185,0.016750220209360123,-0.09888958185911179,0.9869738817214966,1.5734350681304932,0.15319538116455078,0.2953590452671051,1.6122753620147705,-0.9224395751953125,0.0042894743382930756,False
145,CityEnviron,-22.86113739013672,-20.189159393310547,-39.732295989990234,0.11620144546031952,0.06841667741537094,0.011461246758699417,0.9908002018928528,-0.209140807390213,0.5943784117698669,0.4254591763019562,0.17357967793941498,1.3997553586959839,-0.0007741674780845642,False
146,CityEnviron,-22.430416107177734,-20.693334579467773,-39.953277587890625,0.09891485422849655,-0.013103344477713108,-0.032285548746585846,0.9944856762886047,1.0742971897125244,-0.735066294670105,0.25509586930274963,0.009166696108877659,-1.0516740083694458,-0.001372487167827785,False
147,CityEnviron,-21.244504928588867,-19.916168212890625,-40.28981399536133,0.07512766867876053,0.07570414990186691,0.0008798830676823854,0.9942957162857056,0.2499541938304901,1.6132488250732422,0.42658185958862305,1.0833337306976318,0.9757598638534546,-0.00973140075802803,False
148,CityEnviron,-20.155759811401367,-19.00145149230957,-40.28346633911133,0.03196655958890915,-0.010319885797798634,-0.07163941860198975,0.9968647956848145,1.8626189231872559,1.1539865732192993,0.01984625682234764,1.8732126951217651,-1.747917890548706,0.01473802886903286,False
149,CityEnviron,-19.786773681640625,-18.00208854675293,-40.451480865478516,0.03959741070866585,0.02196723222732544,-0.028399541974067688,0.9985705018043518,-1.0323902368545532,1.1076089143753052,-0.003174976445734501,1.0592689514160156,1.0568805932998657,-0.010932029224932194,False
150,CityEnviron,-19.776735305786133,-17.961454391479492,-40.52347946166992,0.047040071338415146,-0.03318840265274048,0.038728248327970505,0.9975900650024414,1.0691474676132202,-1.1473053693771362,0.37413254380226135,-0.9998807907104492,-1.3224784135818481,-0.015622749924659729,False
151,CityEnviron,-18.816335678100586,-18.249130249023438,-40.529884338378906,0.04557336866855621,0.05062677338719368,-0.05395891144871712,0.9962170720100403,0.22267377376556396,1.0402830839157104,0.146828293800354,1.1373472213745117,0.5860002636909485,-0.007968847639858723,False
152,CityEnviron,-18.36383628845215,-17.00465202331543,-39.97365188598633,0.04749879613518715,-0.05147706717252731,0.026697976514697075,0.9971866607666016,1.3528684377670288,0.8269898891448975,0.34493783116340637,0.31339606642723083,-1.5287507772445679,0.006116012576967478,False
153,CityEnviron,-16.369510650634766,-15.984163284301758,-39.84677505493164,0.04984068498015404,0.06318259984254837,0.07084834575653076,0.994235634803772,1.3067371845245361,0.11765310913324356,0.2799765467643738,-0.8339703679084778,-0.2644776403903961,0.0011176103726029396,False
154,CityEnviron,-16.436901092529297,-16.18922996520996,-40.27631759643555,0.07630795985460281,-0.023220321163535118,-0.10086922347545624,0.9916971921920776,-0.45794740319252014,0.8095307946205139,0.011145176365971565,1.8762595653533936,0.30098268389701843,0.0028174016624689102,False
155,CityEnviron,-16.880199432373047,-15.045398712158203,-39.90972900390625,0.07579298317432404,-0.002388081746175885,0.07612963020801544,0.9942102432250977,-0.4862070083618164,0.1933732032775879,0.011179504916071892,-0.6325898170471191,0.24023668467998505,0.0026265971828252077,False
156,CityEnviron,-16.73009490966797,-15.250877380371094,-39.26012420654297,0.06534776091575623,0.03335019201040268,-0.04334162548184395,0.9963628649711609,0.2957860231399536,0.04941781237721443,0.6064271926879883,0.9141680598258972,0.3530550003051758,-0.0028207902796566486,False
157,CityEnviron,-16.836048126220703,-16.13214874267578,-39.740543365478516,0.053429096937179565,-0.02138018235564232,-0.020219702273607254,0.9981379508972168,-0.05898550897836685,-1.3732924461364746,-0.6947665810585022,-0.5589056015014648,-0.24362608790397644,-0.0011313195573166013,False
158,CityEnviron,-16.407228469848633,-16.332210540771484,-40.26451873779297,0.03828967735171318,0.04185276851058006,-0.02229655161499977,0.9981408715248108,0.2072177529335022,0.7515646815299988,0.1861138641834259,0.6394729614257812,0.4298584759235382,-0.0018889313796535134,False
159,CityEnviron,-15.6215238571167,-15.01874828338623,-40.19175720214844,0.034264590591192245,-0.014427580870687962,-0.005907372105866671,0.9992912411689758,1.5888608694076538,1.7915105819702148,-0.7081462740898132,1.4760565757751465,-1.2369334697723389,0.019341159611940384,False
160,CityEnviron,-13.628235816955566,-13.580541610717773,-40.178016662597656,0.03478625789284706,0.008373364806175232,0.08597210049629211,0.9956548810005188,1.95952308177948,-0.015880879014730453,0.16224415600299835,-0.7649323344230652,-1.3772151470184326,-0.013289878144860268,False
161,CityEnviron,-12.516695976257324,-12.99028205871582,-40.02835464477539,0.043461769819259644,0.027161942794919014,0.05920962989330292,0.9969290494918823,-0.10671810805797577,0.24202048778533936,0.07283522188663483,-0.7499884963035583,0.447324275970459,0.0013838657177984715,False
162,CityEnviron,-13.414965629577637,-13.413021087646484,-40.15707015991211,0.035285282880067825,-0.04858111962676048,0.03236611932516098,0.9976709485054016,-0.848406195640564,-1.0965631008148193,-0.2659633457660675,-1.7690842151641846,-0.008170904591679573,-0.0010192811023443937,False
163,CityEnviron,-13.608137130737305,-15.015074729919434,-39.69602966308594,0.027176298201084137,-0.011814412660896778,-0.07437565177679062,0.9967899322509766,0.472284734249115,-0.7751655578613281,0.2142084687948227,0.2962227165699005,-0.4914148449897766,0.0010694580851122737,False
164,CityEnviron,-12.209234237670898,-16.005048751831055,-40.12732696533203,0.03406183421611786,-0.013704178854823112,0.006759789772331715,0.9993029236793518,1.8682023286819458,-1.205557942390442,0.4254751205444336,-0.9596744775772095,-2.0572729110717773,-0.011226017959415913,False
165,CityEnviron,-10.504258155822754,-16.913301467895508,-40.315399169921875,0.03864872455596924,-0.021763592958450317,-0.06716293841600418,0.9967555999755859,1.7164353132247925,0.33696407079696655,-1.3631278276443481,1.0487390756607056,-1.7557474374771118,0.01349721197038889,False
166,CityEnviron,-10.002881050109863,-16.724061965942383,-40.660621643066406,0.004294342827051878,-0.005073407664895058,0.03664221242070198,0.9993063807487488,-0.30260899662971497,-0.5294770002365112,0.2371484935283661,-0.945789098739624,0.1707264631986618,0.0004577704821713269,False
167,CityEnviron,-11.01974105834961,-17.681848526000977,-40.41787338256836,0.011613734066486359,0.02677796222269535,-0.03664439171552658,0.9989020824432373,-1.561654806137085,-0.6887341141700745,0.46535414457321167,-0.11664260923862457,2.129179000854492,0.00048764829989522696,False
168,CityEnviron,-13.287088394165039,-18.997344970703125,-39.86940383911133,0.019065510481595993,0.002355366013944149,-0.020554078742861748,0.9996041655540466,-2.363705635070801,-1.4299174547195435,0.48611879348754883,-1.2323668003082275,2.4142441749572754,0.006136722397059202,False
169,CityEnviron,-15.792204856872559,-20.281023025512695,-39.856285095214844,0.013293863274157047,-0.09241678565740585,0.0244437288492918,0.9953315854072571,-1.4422262907028198,-1.3394190073013306,0.4908570647239685,-1.9463789463043213,-0.19940438866615295,-0.003565196879208088,False
170,CityEnviron,-16.782833099365234,-20.345613479614258,-39.94229507446289,-0.03157269209623337,0.03965781629085541,-0.027788791805505753,0.9983277320861816,-1.3662688732147217,1.1417003870010376,0.4416859745979309,1.1156740188598633,1.41716468334198,-0.01821548119187355,False
171,CityEnviron,-18.775779724121094,-20.53730583190918,-39.67057418823242,-0.02864852547645569,-0.016183586791157722,0.020278749987483025,0.9992527961730957,-1.8428245782852173,-1.1283456087112427,0.7023724317550659,-1.4905270338058472,1.6157397031784058,0.004460322204977274,False
172,CityEnviron,-20.670989990234375,-22.079574584960938,-39.65211486816406,-0.01752328686416149,0.0024251171853393316,-0.07240382581949234,0.9972184896469116,-1.8965076208114624,-0.8060991764068604,-0.43106213212013245,0.20779170095920563,1.2830653190612793,-0.006379389204084873,False
173,CityEnviron,-22.784517288208008,-23.17328643798828,-39.7515754699707,-0.007759883068501949,-0.028554469347000122,-0.02578715607523918,0.9992294311523438,-1.7613611221313477,-0.985273540019989,-0.027748551219701767,-0.30931031703948975,0.8397747874259949,0.004320766311138868,False
174,CityEnviron,-22.68235206604004,-24.5609130859375,-39.935672760009766,-0.00020048237638548017,-0.0364890955388546,-0.026791473850607872,0.9989748597145081,1.6738672256469727,-1.2790935039520264,0.2358647882938385,-0.5246224999427795,-1.859446406364441,-0.009731967002153397,False
175,CityEnviron,-22.580480575561523,-25.358198165893555,-40.241817474365234,-0.033337999135255814,0.002644924446940422,0.02742219716310501,0.9990643858909607,-0.9301411509513855,-0.9768733382225037,0.32855910062789917,-1.1950154304504395,0.8381063938140869,0.008158874697983265,False
176,CityEnviron,-22.4856014251709,-26.191511154174805,-40.0745735168457,-0.048787206411361694,0.04987681657075882,-0.06243692338466644,0.9956071972846985,0.12751592695713043,0.18673333525657654,0.11641588062047958,0.6482946276664734,0.3968845009803772,-0.009190204553306103,False
177,CityEnviron,-22.05545997619629,-25.01097297668457,-39.73133850097656,-0.05419324338436127,0.03258926048874855,0.013369516469538212,0.9979090094566345,0.21545040607452393,1.5152831077575684,0.579520583152771,1.0427669286727905,0.14390236139297485,-0.0013837042497470975,False
178,CityEnviron,-21.52567481994629,-25.367584228515625,-40.55868148803711,-0.03379572555422783,0.060890067368745804,0.0234733484685421,0.9972959756851196,0.07847342640161514,-1.7368640899658203,0.09304563701152802,-1.215791940689087,0.7156740427017212,0.010110187344253063,False
179,CityEnviron,-20.73164939880371,-27.045408248901367,-40.60417556762695,-0.023744288831949234,0.055299241095781326,-0.027696505188941956,0.9978031516075134,0.5002246499061584,-1.1882519721984863,0.008397791534662247,-0.8068707585334778,0.34319549798965454,0.0035211085341870785,False
180,CityEnviron,-20.216129302978516,-28.010473251342773,-40.16962814331055,-0.021208900958299637,0.067268006503582,-0.016824187710881233,0.9973676204681396,-0.17872053384780884,-0.5711245536804199,0.4648144245147705,-0.25639209151268005,1.3978543281555176,0.0012156030861660838,False
181,CityEnviron,-20.49305534362793,-28.211076736450195,-39.948936462402344,-0.009584044106304646,-0.058715589344501495,0.012884052470326424,0.998145580291748,0.6081917881965637,-0.0846012532711029,0.10085596889257431,-0.22690188884735107,-1.0665268898010254,-0.005310517735779285,False
182,CityEnviron,-20.77191734313965,-28.11246109008789,-40.19263458251953,0.004655520431697369,0.004725292325019836,-0.0220877043902874,0.9997340440750122,-1.2068595886230469,0.7017366886138916,0.1828656643629074,1.0182539224624634,1.2373216152191162,-0.014383231289684772,False
183,CityEnviron,-21.054271697998047,-28.829769134521484,-40.9265251159668,-0.0061978064477443695,-0.07262681424617767,0.019147370010614395,0.9971561431884766,1.1751121282577515,-1.890823245048523,-0.5022658705711365,-1.4335261583328247,-1.7394161224365234,-0.022494593635201454,False
184,CityEnviron,-20.856847763061523,-30.007469177246094,-41.139530181884766,-0.008803179487586021,-0.024424804374575615,-0.007204840891063213,0.9996369481086731,-0.04450604319572449,-0.6885727047920227,0.12054073810577393,-0.5165298581123352,-0.2950129806995392,-0.006563118658959866,False
185,CityEnviron,-21.25064468383789,-31.080989837646484,-40.52216339111328,0.003906971774995327,0.021785492077469826,-0.03861348330974579,0.9990090727806091,-1.2028167247772217,-0.781133770942688,0.17056752741336823,-0.21048295497894287,1.4438121318817139,0.0011420388473197818,False
186,CityEnviron,-22.840917587280273,-31.921472549438477,-40.48478698730469,0.0018671402940526605,-0.07358754426240921,-0.08738194406032562,0.9934514760971069,-0.9075276255607605,0.05792151764035225,-0.4389113187789917,1.5384608507156372,-0.2385321855545044,0.00756814144551754,False
187,CityEnviron,-23.900615692138672,-31.854202270507812,-40.0229377746582,-0.0009419003617949784,-0.009083772078156471,0.027376187965273857,0.9995834827423096,-1.0785702466964722,-0.4610714614391327,0.5040668249130249,-0.6867368817329407,0.7058531045913696,0.006222500000149012,False
188,CityEnviron,-24.113704681396484,-32.561859130859375,-40.249046325683594,0.004939480219036341,0.05978496000170708,0.010354558005928993,0.998145341873169,-0.43158620595932007,-0.9503233432769775,-0.06008647382259369,-0.7720228433609009,0.9329818487167358,0.011852107010781765,False
189,CityEnviron,-24.644189834594727,-33.49018096923828,-39.90850067138672,0.008749573491513729,-0.1323014199733734,0.037989288568496704,0.9904426336288452,0.6734446883201599,-1.0644840002059937,-0.37620052695274353,-1.623152494430542,-2.371781826019287,-0.007303193677216768,False
190,CityEnviron,-23.68749237060547,-33.48374557495117,-40.211116790771484,0.0161746833473444,-0.05495692044496536,-0.08412521332502365,0.9948070645332336,1.3394919633865356,1.5921093225479126,-1.3584272861480713,2.3205184936523438,-1.4383649826049805,0.0023964717984199524,False
191,CityEnviron,-22.437257766723633,-32.230560302734375,-40.11366271972656,0.040081802755594254,0.08644815534353256,-0.051300354301929474,0.9941269755363464,-0.0431966595351696,1.3033416271209717,0.27605873346328735,1.6271792650222778,1.4631669521331787,-0.02073092758655548,False
192,CityEnviron,-23.268218994140625,-30.504426956176758,-39.49159240722656,0.038409385830163956,0.023701487109065056,0.02902202121913433,0.998559296131134,-1.6177417039871216,1.4647737741470337,0.3614104688167572,0.5806706547737122,1.557206153869629,-0.010878014378249645,False
193,CityEnviron,-24.74530792236328,-29.955276489257812,-39.934349060058594,0.032620709389448166,-0.08330614119768143,0.07140262424945831,0.9934272766113281,-0.23838666081428528,-1.0613517761230469,-0.9186596274375916,-1.3391413688659668,-0.8592526316642761,-0.012675343081355095,False
194,CityEnviron,-25.813377380371094,-30.473194122314453,-40.051082611083984,0.015735851600766182,-0.029530243948101997,0.04385942593216896,0.9984772205352783,-1.336778998374939,-0.6315599083900452,0.10318154841661453,-1.0665632486343384,0.6035478115081787,0.0024253432638943195,False
195,CityEnviron,-27.156532287597656,-31.003908157348633,-39.8851203918457,0.001643982483074069,0.00518016517162323,0.035280898213386536,0.9993626475334167,-1.339225172996521,-0.7634859085083008,-0.045135628432035446,-0.8110519647598267,0.968309760093689,0.012819438241422176,False
196,CityEnviron,-28.666982650756836,-32.541656494140625,-39.448368072509766,0.010025085881352425,-0.001985775073990226,-0.03734574839472771,0.9992501735687256,-1.5586310625076294,-1.4431766271591187,0.2832658290863037,-0.6543755531311035,1.156670331954956,0.007955120876431465,False
197,CityEnviron,-29.517593383789062,-33.715084075927734,-39.95503234863281,0.0029757674783468246,-0.06607981771230698,-0.07078136503696442,0.99529629945755,0.6239559054374695,-0.05161333084106445,-0.9988182783126831,0.5134382843971252,-1.068101167678833,0.010285298340022564,False
198,CityEnviron,-28.06040382385254,-33.0856819152832,-40.14156723022461,0.010636601597070694,0.011575102806091309,0.046408090740442276,0.9987989068031311,1.7352961301803589,0.4541949927806854,0.03982559219002724,-0.1358756572008133,-1.0873961448669434,-0.001388114527799189,False
199,CityEnviron,-26.020551681518555,-32.423561096191406,-39.95840835571289,0.006971484515815973,0.03571430221199989,-0.02760935388505459,0.9989562630653381,1.7050977945327759,1.2975164651870728,-0.30962619185447693,1.3742235898971558,-0.8421499729156494,0.01199355535209179,False
200,CityEnviron,-25.456193923950195,-31.65685272216797,-40.931907653808594,-0.024403847754001617,-0.05432143807411194,0.1025974377989769,0.9929388165473938,0.46524280309677124,-0.7947625517845154,-0.5327208638191223,-1.5911237001419067,-0.9895089268684387,-0.018720144405961037,False
201,CityEnviron,-24.032115936279297,-32.45846176147461,-40.862735748291016,-0.04497087374329567,0.0485335998237133,-0.07331211864948273,0.9951117634773254,1.3200832605361938,0.5157656073570251,0.06627963483333588,1.6238853931427002,-0.5731244087219238,0.004499685484915972,False
202,CityEnviron,-23.926931381225586,-31.754798889160156,-40.75749206542969,-0.04515327885746956,-0.011585336178541183,-0.04174415394663811,0.9980403184890747,-0.44278985261917114,0.9908865690231323,0.7718626856803894,1.9772801399230957,0.11336935311555862,0.002041662111878395,False
203,CityEnviron,-24.7048397064209,-29.789348602294922,-40.0307731628418,-0.0508931465446949,0.022836141288280487,0.0027825194410979748,0.9984391331672668,-1.164684534072876,2.281350612640381,0.6925428509712219,2.2786993980407715,1.3487716913223267,-0.009746427647769451,False
204,CityEnviron,-25.130783081054688,-29.22049331665039,-40.3095588684082,-0.007166122552007437,0.06728043407201767,0.0383969284594059,0.9969692230224609,-0.7512288689613342,-1.0113394260406494,0.22698450088500977,-1.0553539991378784,1.3072892427444458,0.014312800019979477,False
205,CityEnviron,-26.31669044494629,-29.96673011779785,-40.369083404541016,0.0032410654239356518,-0.11043025553226471,-0.06231405958533287,0.9919232130050659,-0.019468490034341812,0.3852429986000061,-0.5702165961265564,0.9686378836631775,-1.4410656690597534,0.014874015934765339,False
206,CityEnviron,-25.76847267150879,-30.777748107910156,-40.69953918457031,0.04974228888750076,0.07365158945322037,0.0017898654332384467,0.9960411190986633,-0.18806400895118713,-1.6728845834732056,0.0885978564620018,-1.283541202545166,0.8581893444061279,0.011628377251327038,False
207,CityEnviron,-26.368783950805664,-32.20261764526367,-40.30069351196289,0.05347808822989464,-0.03639211878180504,-0.06681233644485474,0.99566650390625,-0.22314943373203278,-0.23773902654647827,0.07057126611471176,0.5477470755577087,-0.2142733931541443,0.0037430990487337112,False
208,CityEnviron,-26.7135009765625,-33.354122161865234,-40.22039794921875,0.04406425729393959,-0.03073202446103096,0.007131107617169619,0.9985304474830627,-0.1373474895954132,-1.7780965566635132,0.2873731851577759,-1.9524914026260376,-0.5753383040428162,-0.0023047153372317553,False
209,CityEnviron,-27.2525691986084,-33.567501068115234,-40.62109375,0.07984234392642975,-0.13101211190223694,-0.0042908270843327045,0.9881511330604553,0.49654459953308105,0.7870800495147705,-0.42190489172935486,1.1329867839813232,-2.550894021987915,-5.5374286603182554e-05,False
210,CityEnviron,-26.172935485839844,-32.31676483154297,-40.46053695678711,0.07107788324356079,0.05138395354151726,-0.026945069432258606,0.9957818984985352,0.7156355977058411,1.782624363899231,0.23557902872562408,2.052875518798828,0.41709479689598083,-0.00510050356388092,False
211,CityEnviron,-24.83505630493164,-32.05167770385742,-40.44582748413086,0.05652434751391411,0.011012252420186996,0.01571628637611866,0.9982168078422546,1.6347343921661377,-1.0009568929672241,0.3328515589237213,-0.8400695323944092,-1.1783243417739868,-0.012709823437035084,False
212,CityEnviron,-25.09371566772461,-32.4974365234375,-40.806739807128906,0.026399964466691017,0.03817787021398544,0.09319429844617844,0.9945654273033142,-1.6178864240646362,-0.8347234129905701,0.05234324932098389,-2.727445125579834,2.1710731983184814,0.0019008653471246362,False
213,CityEnviron,-26.938234329223633,-32.66180419921875,-41.278316497802734,0.04850274324417114,-0.13937142491340637,0.08855707198381424,0.9850790500640869,-0.302846759557724,-0.6011306047439575,-0.9122204184532166,-2.112908124923706,-1.9704039096832275,-0.021817704662680626,False
214,CityEnviron,-27.192569732666016,-32.803131103515625,-41.463809967041016,0.036859866231679916,0.040934693068265915,-0.028578514233231544,0.998072624206543,-0.7649228572845459,0.6797536015510559,-0.041806042194366455,0.5805412530899048,1.0977325439453125,-0.008744523860514164,False
215,CityEnviron,-26.80943489074707,-31.749597549438477,-41.48737335205078,0.06886192411184311,-0.03176449239253998,0.07650642096996307,0.9941809773445129,1.6273483037948608,0.1252511888742447,0.2522065043449402,-0.6674701571464539,-1.607993245124817,-0.013629510998725891,False
216,CityEnviron,-25.7670841217041,-31.1446590423584,-41.03734588623047,0.07687105983495712,0.03576051443815231,0.026132095605134964,0.9960567951202393,0.019723892211914062,0.7130242586135864,0.3209403157234192,0.1332636922597885,0.47284719347953796,-0.0016029073158279061,False
217,CityEnviron,-25.55448341369629,-29.843854904174805,-40.28999710083008,0.0927792340517044,-0.04261581227183342,0.04037746787071228,0.9939545392990112,0.9130184054374695,1.1130833625793457,0.5510129332542419,0.46312201023101807,-1.3073015213012695,0.0024551372043788433,False
218,CityEnviron,-25.39365577697754,-28.874557495117188,-40.297698974609375,0.11319362372159958,-0.10583057999610901,-0.04248623177409172,0.987006664276123,0.6521286964416504,1.1926274299621582,0.043928299099206924,2.4047281742095947,-2.1321797370910645,0.01831744611263275,False
219,CityEnviron,-25.50115394592285,-27.24657440185547,-40.0088996887207,0.10770562291145325,-0.024752218276262283,0.047437041997909546,0.9927419424057007,-0.440643310546875,1.0969125032424927,0.3960932493209839,0.19191844761371613,0.11153536289930344,-0.001234545954503119,False
220,CityEnviron,-25.60357093811035,-26.108327865600586,-40.32099151611328,0.10149529576301575,0.01960013061761856,0.027052078396081924,0.9942749738693237,-0.20083513855934143,0.9135782718658447,0.09001123905181885,0.17682643234729767,0.4192979335784912,-0.0006911311065778136,False
221,CityEnviron,-25.752490997314453,-25.213830947875977,-39.79572296142578,0.10019607096910477,-0.07273846864700317,-0.01246514730155468,0.9922270178794861,0.6419244408607483,0.8329092860221863,0.009978009387850761,1.523154377937317,-1.8434799909591675,0.006783506833016872,False
222,CityEnviron,-24.77773094177246,-25.27304458618164,-39.930908203125,0.0975453108549118,-0.015799807384610176,0.03803582116961479,0.9943785071372986,1.1632319688796997,-1.1845179796218872,-0.25441938638687134,-0.9085556268692017,-1.261533498764038,-0.012236231006681919,False
223,CityEnviron,-23.505598068237305,-26.344907760620117,-39.64017105102539,0.09293445199728012,0.10687360167503357,-0.039926283061504364,0.9891143441200256,-0.2030392438173294,-0.12656119465827942,0.06459952145814896,0.25326019525527954,1.3856172561645508,-0.005944622214883566,False
224,CityEnviron,-24.810182571411133,-25.766136169433594,-39.508304595947266,0.08784092217683792,-0.03435583412647247,0.04878973960876465,0.9943456649780273,-1.430637001991272,0.16462324559688568,0.2787083685398102,-0.6400912404060364,0.6263012886047363,0.0020231243688613176,False
225,CityEnviron,-25.05754852294922,-25.32520866394043,-39.546390533447266,0.05049586668610573,0.04090913012623787,-0.013042501173913479,0.9978008270263672,-0.1547691524028778,1.2423429489135742,0.1823093742132187,1.3242411613464355,0.8648229837417603,-0.01676163636147976,False
226,CityEnviron,-26.296056747436523,-24.813739776611328,-39.98067855834961,0.06914746761322021,-0.02440922148525715,-0.06804588437080383,0.9949837327003479,-1.4248523712158203,0.8408752083778381,0.1271643340587616,1.076707124710083,0.8370393514633179,-0.009305758401751518,False
227,CityEnviron,-26.239959716796875,-24.563798904418945,-40.962730407714844,0.05228900536894798,-0.04174065589904785,-0.05466977134346962,0.996260404586792,1.453648567199707,0.4156181216239929,-0.21948115527629852,1.0671695470809937,-1.4698432683944702,0.017050879076123238,False
228,CityEnviron,-24.704479217529297,-23.67888069152832,-40.54965591430664,0.04184631630778313,0.05453160032629967,0.039466604590415955,0.9968538880348206,0.6124913096427917,0.6258029937744141,-0.03244004398584366,0.0349879115819931,0.22139263153076172,0.0014945116126909852,False
229,CityEnviron,-24.35536766052246,-23.119060516357422,-40.60847473144531,0.04336956515908241,-0.042335305362939835,-0.00307327788323164,0.9981570243835449,0.7364562153816223,0.5512948632240295,0.06408699601888657,0.33044230937957764,-0.963706910610199,0.006188098341226578,False
230,CityEnviron,-22.451311111450195,-21.822574615478516,-40.13496780395508,0.037827566266059875,0.02951272763311863,0.018380582332611084,0.9986792802810669,2.314573287963867,1.6209737062454224,0.24624976515769958,1.3111200332641602,-1.421657681465149,0.020896481350064278,False
231,CityEnviron,-20.08249282836914,-21.261049270629883,-39.805686950683594,0.011593452654778957,0.01378636434674263,-0.017196116968989372,0.9996898770332336,2.0872175693511963,0.08208106458187103,0.6661161780357361,0.35845044255256653,-1.7846248149871826,0.004138454329222441,False
232,CityEnviron,-18.49688148498535,-21.947072982788086,-39.65073776245117,0.028024744242429733,0.11038181185722351,-0.025891775265336037,0.9931566119194031,-0.06489928066730499,-0.89980149269104,0.05687568709254265,-0.44913822412490845,1.8169503211975098,0.0003229280118830502,False
233,CityEnviron,-18.863672256469727,-23.207666397094727,-40.70246887207031,0.04210688918828964,0.039897650480270386,-0.046140916645526886,0.9972493648529053,-0.9971681833267212,-0.9034780859947205,-0.8983233571052551,-0.3944363594055176,1.3800119161605835,0.0019756928086280823,False
234,CityEnviron,-19.406322479248047,-23.32723617553711,-40.83639144897461,0.07260604202747345,-0.06471235305070877,0.06486755609512329,0.9931429028511047,0.532136082649231,-0.29711243510246277,-0.08083850145339966,-1.096360683441162,-1.6915987730026245,-0.01140004862099886,False
235,CityEnviron,-18.220701217651367,-24.121158599853516,-41.03041458129883,0.0727541521191597,0.07906150817871094,-0.05506977066397667,0.9926849603652954,0.3211154341697693,0.10518807917833328,-0.12005390226840973,0.83917236328125,0.8955336809158325,-0.01676989160478115,False
236,CityEnviron,-17.77646255493164,-24.569551467895508,-40.890716552734375,0.08223501592874527,0.024620747193694115,0.029186615720391273,0.995881199836731,0.2473260909318924,-1.2277752161026,0.24785730242729187,-0.8859487175941467,-0.04349258542060852,-0.0004189934697933495,False
237,CityEnviron,-17.640962600708008,-24.35568618774414,-40.850074768066406,0.108415387570858,-0.030079128220677376,0.004686173051595688,0.9936394691467285,0.5371040105819702,1.0230909585952759,0.4845743179321289,0.8176478147506714,-0.6250065565109253,0.003931873012334108,False
238,CityEnviron,-16.766742706298828,-23.3668270111084,-40.514869689941406,0.10479629039764404,0.04948103800415993,-0.03860238939523697,0.9925115704536438,0.4566691815853119,1.4089949131011963,0.5037291646003723,1.7596036195755005,0.7050834894180298,-0.009223450906574726,False
239,CityEnviron,-16.733631134033203,-22.590286254882812,-40.42711639404297,0.12834423780441284,0.0602753646671772,-0.042272187769412994,0.9889932870864868,-1.00363028049469,0.9362726807594299,0.10299624502658844,0.9664103984832764,1.655950665473938,-0.02514096163213253,False
240,CityEnviron,-17.379526138305664,-21.111995697021484,-39.9376106262207,0.14255376160144806,-0.044590022414922714,0.04149683564901352,0.9879110455513,0.3190048635005951,1.0530815124511719,0.1843279004096985,0.3850831389427185,-0.6179333329200745,0.001722457236610353,False
241,CityEnviron,-16.177139282226562,-21.55750274658203,-40.40324401855469,0.1442026048898697,-0.002898140111938119,0.027624037116765976,0.9891583323478699,1.5027470588684082,-1.4214260578155518,0.41613447666168213,-1.0474095344543457,-1.728991985321045,-0.012992823496460915,False
242,CityEnviron,-15.750709533691406,-22.921213150024414,-40.397308349609375,0.13774961233139038,0.0447218157351017,0.02131808176636696,0.989227294921875,-0.7881625294685364,-1.252273678779602,0.017337879166007042,-2.09809947013855,1.2028919458389282,0.00504826195538044,False